{
    "Max Risk Portfolio Returns": 71.00710967892631,
    "Max Risk Portfolio Average Weekly Returns": 3.7372162988908584,
    "Min Risk Portfolio Returns": 27.7705340091978,
    "Min Risk Portfolio Average Weekly Returns": 1.4616070531156737
}