{
    "Portfolio 1 Returns": 53.7610624330307,
    "Portfolio 1 Average Weekly Returns": 2.829529601738458,
    "Max Risk Portfolio Returns": 68.65781264775457,
    "Max Risk Portfolio Average Weekly Returns": 3.6135690867239245,
    "Min Risk Portfolio Returns": 27.280070252914147,
    "Min Risk Portfolio Average Weekly Returns": 1.4357931712060077,
    "Difference in E.W Portfolio and MaxRisk Portfolio": 14.896750214723866
}